{"_timestamp":1.7654693258651562e+09,"_step":6,"step":6,"_wandb":{"runtime":49},"mem_allocated_MB":16785.076736,"_runtime":49,"loss":0,"learning_rate":4.997582336695314e-05,"mem_reserved_MB":23410.507776,"grad_norm":0,"mem_peak_MB":20972.194304}