{"mem_allocated_MB":16713.376768,"grad_norm":0,"mem_reserved_MB":23341.30176,"_runtime":16,"_wandb":{"runtime":16},"step":31,"_step":31,"_timestamp":1.7654680245918458e+09,"mem_peak_MB":20900.494336,"learning_rate":4.9496376309606186e-05,"loss":0}