{"_timestamp":1.7654770866599557e+09,"mem_allocated_MB":16979.964928,"mem_reserved_MB":23471.325184,"_wandb":{"runtime":370},"_step":999,"step":999,"_runtime":370,"mem_peak_MB":21171.2768,"loss":2.7361297607421875,"grad_norm":3.853989839553833,"learning_rate":3.00008224661983e-06}