{"mem_reserved_MB":5924.4544,"_runtime":115,"_step":1394,"mem_allocated_MB":3302.14912,"mem_peak_MB":5327.542272,"_wandb":{"runtime":115},"_timestamp":1.765478536412338e+09,"loss":2.1616480350494385,"grad_norm":0.9844679236412048,"learning_rate":2.745487198381837e-05,"step":1394}