{"_runtime":114,"step":220,"loss":0,"learning_rate":2.9530144090678442e-05,"_step":220,"mem_allocated_MB":16713.376768,"mem_reserved_MB":23475.519488,"mem_peak_MB":20900.494336,"_timestamp":1.7654676427984529e+09,"_wandb":{"runtime":114},"grad_norm":0}