{"_timestamp":1.7654826832377431e+09,"mem_allocated_MB":5304.706048,"loss":NaN,"grad_norm":NaN,"mem_peak_MB":7334.947328,"step":999,"mem_reserved_MB":7933.526016,"_step":999,"_wandb":{"runtime":112},"_runtime":112,"learning_rate":0}