{"loss":0,"mem_reserved_MB":23274.192896,"learning_rate":4.9982236816014746e-05,"mem_allocated_MB":16715.821056,"_wandb":{"runtime":7},"_runtime":7,"_timestamp":1.7654696807935877e+09,"mem_peak_MB":20902.938624,"step":5,"_step":5,"grad_norm":0}