{"loss":0,"step":9,"grad_norm":0,"_step":9,"_timestamp":1.7654697654650705e+09,"_runtime":8,"_wandb":{"runtime":8},"mem_allocated_MB":16715.821056,"mem_peak_MB":20902.938624,"learning_rate":4.9950668210706806e-05,"mem_reserved_MB":23274.192896}