{"_wandb":{"runtime":82},"loss":3.820350170135498,"learning_rate":3.00008224661983e-06,"mem_peak_MB":5327.542272,"mem_allocated_MB":3301.338112,"step":999,"grad_norm":1.3842865228652954,"_runtime":82,"_step":999,"mem_reserved_MB":5924.4544,"_timestamp":1.7654786327675955e+09}