{"_runtime":45,"mem_allocated_MB":16715.821056,"loss":0,"step":48,"_wandb":{"runtime":45},"grad_norm":0,"learning_rate":4.882448353793048e-05,"_step":48,"mem_peak_MB":20902.938624,"mem_reserved_MB":23341.30176,"_timestamp":1.765469556603432e+09}