{"learning_rate":4.966714860519671e-05,"mem_reserved_MB":23341.30176,"_wandb":{"runtime":14},"mem_peak_MB":20900.494336,"step":25,"mem_allocated_MB":16713.376768,"_timestamp":1.7654683927798514e+09,"grad_norm":0,"_step":25,"loss":0,"_runtime":14}