{"loss":0,"mem_reserved_MB":23341.30176,"_step":51,"mem_peak_MB":20900.494336,"grad_norm":0,"mem_allocated_MB":16713.376768,"_timestamp":1.765468324835231e+09,"step":51,"_wandb":{"runtime":23},"learning_rate":4.8677457624868604e-05,"_runtime":23}