{"_wandb":{"runtime":35},"mem_peak_MB":20900.494336,"mem_allocated_MB":16713.376768,"_runtime":35,"learning_rate":4.984028276300022e-05,"step":17,"loss":0,"_timestamp":1.7654679898445733e+09,"_step":17,"grad_norm":0,"mem_reserved_MB":23341.30176}