{"_wandb":{"runtime":48},"learning_rate":4.289841207554578e-05,"mem_peak_MB":20900.494848,"mem_allocated_MB":16713.37728,"_step":122,"grad_norm":0,"loss":0,"_runtime":48,"step":122,"_timestamp":1.765468875069518e+09,"mem_reserved_MB":23391.633408}